time_es,cpu_load
74.92366666666666,0.5681233333333333
