threads,delta,density,time_es
4,9000,8,52.75466666666667
4,9000,16,105.17266666666666
4,9000,32,226.597
4,9000,64,528.6999999999999
4,9000,128,1200.3700000000001
