threads,delta,light,rebuilds,time_es
8,0.1,60,5,19.03545
8,0.2285714285714286,60,5,17.0185
8,0.3571428571428572,60,5,15.12205
8,0.48571428571428577,60,5,14.90945
8,0.6142857142857143,60,5,14.5807
8,0.7428571428571429,60,5,16.07675
8,0.8714285714285716,60,5,15.7511
8,1.0,60,5,14.9431
