threads,delta,density,time_es
8,0.6,8,11.767
8,0.6,16,9.7862
8,0.6,32,14.7901
8,0.6,64,27.62085
8,0.6,128,46.22745
