threads,delta,density,time_es
9,1.0,8,21.14603333333333
9,1.0,16,38.42666666666667
9,1.0,32,74.10600000000001
9,1.0,64,136.98466666666667
9,1.0,128,250.58666666666667
